Result ID, Spectral Ordinate, Record Sequence Number, Mean Squared Error, Scale Factor, Tp-Pulse Period (sec), 5-75% Duration (sec), 5-95% Duration (sec), Arias Intensity (m/sec), Earthquake Name, Year, Station Name, Magnitude, Mechanism, Rjb (km), Rrup (km), Vs30 (m/sec), Lowest Useable Frequency (Hz), Initial-search Scale Factor, Horizontal-1 Acc. Filename, Horizontal-2 Acc. Filename, Vertical Acc. Filename
1, H1,81,0.0376,26.2958, -,7.1,13.7,0.2," ""San Fernando""",1971," ""Pearblossom Pump""",6.61, Reverse,35.54,38.97,529.09,0.25,26.8467, RSN81_SFERN_PPP000.AT2, RSN81_SFERN_PPP270.AT2 , RSN81_SFERN_PPPDWN.AT2  
2, H1,164,0.0264,7.9967, -,19.7,36.4,1.3," ""Imperial Valley-06""",1979," ""Cerro Prieto""",6.53, strike slip,15.19,15.19,471.53,0.1125,8.1642, RSN164_IMPVALL.H_H-CPE147.AT2, RSN164_IMPVALL.H_H-CPE237.AT2 , RSN164_IMPVALL.H_H-CPEDWN.AT2  
3, H1,294,0.0342,16.9933, -,16.8,22.9,0," ""Irpinia_ Italy-01""",1980," ""Tricarico""",6.9, Normal,51.74,53.16,496.46,0.15,17.3494, RSN294_ITALY_A-TRC000.AT2, RSN294_ITALY_A-TRC270.AT2 , RSN294_ITALY_A-TRC-UP.AT2  
4, H1,587,0.0302,4.9814, -,3.8,8.4,0.7," ""New Zealand-02""",1987," ""Matahina Dam""",6.6, Normal,16.09,16.09,551.3,0.25,5.0858, RSN587_NEWZEAL_A-MAT083.AT2, RSN587_NEWZEAL_A-MAT353.AT2 , RSN587_NEWZEAL_A-MAT-UP.AT2  
5, H1,749,0.0452,10.5697, -,5.7,14.6,0," ""Loma Prieta""",1989," ""Berkeley - Strawberry Canyon""",6.93, Reverse Oblique,78.32,78.41,512.27,0.084,10.7912, RSN749_LOMAP_UCS045.AT2, RSN749_LOMAP_UCS135.AT2 , RSN749_LOMAP_UCS-UP.AT2  
6, H1,779,0.0178,0.8141, -,5.5,10.2,7.9," ""Loma Prieta""",1989," ""LGPC""",6.93, Reverse Oblique,0,3.88,594.83,0.125,0.8311, RSN779_LOMAP_LGP000.AT2, RSN779_LOMAP_LGP090.AT2 , RSN779_LOMAP_LGP-UP.AT2  
7, H1,781,0.05,17.7542, -,6.2,13.4,0.1," ""Loma Prieta""",1989," ""Lower Crystal Springs Dam dwnst""",6.93, Reverse Oblique,48.24,48.39,586.08,0.125,18.1261, RSN781_LOMAP_XSP000.AT2, RSN781_LOMAP_XSP090.AT2 , RSN781_LOMAP_XSP-UP.AT2  
8, H1,787,0.0537,2.9496, -,4.9,12.7,0.9," ""Loma Prieta""",1989," ""Palo Alto - SLAC Lab""",6.93, Reverse Oblique,30.62,30.86,425.3,0.125,3.0114, RSN787_LOMAP_SLC270.AT2, RSN787_LOMAP_SLC360.AT2 , RSN787_LOMAP_SLC-UP.AT2  
9, H1,798,0.049,26.5848, -,6.4,16.1,0," ""Loma Prieta""",1989," ""SF - Telegraph Hill""",6.93, Reverse Oblique,76.4,76.5,585.23,0.075,27.1418, RSN798_LOMAP_TLH000.AT2, RSN798_LOMAP_TLH090.AT2 , RSN798_LOMAP_TLH-UP.AT2  
10, H1,812,0.0502,5.7023, -,6.3,16.8,0.1," ""Loma Prieta""",1989," ""Woodside""",6.93, Reverse Oblique,33.87,34.09,453.98,0.1,5.8218, RSN812_LOMAP_WDS000.AT2, RSN812_LOMAP_WDS090.AT2 , RSN812_LOMAP_WDS-UP.AT2  
11, H1,825,0.0317,1.5823, -,2.9,9.7,6," ""Cape Mendocino""",1992," ""Cape Mendocino""",7.01, Reverse,0,6.96,567.78,0.07,1.6154, RSN825_CAPEMEND_CPM000.AT2, RSN825_CAPEMEND_CPM090.AT2 , RSN825_CAPEMEND_CPM-UP.AT2  
12, H1,827,0.048,4.315, -,11.3,18.7,0.3," ""Cape Mendocino""",1992," ""Fortuna - Fortuna Blvd""",7.01, Reverse,15.97,19.95,457.06,0.07,4.4054, RSN827_CAPEMEND_FOR000.AT2, RSN827_CAPEMEND_FOR090.AT2 , RSN827_CAPEMEND_FOR-UP.AT2  
13, H1,946,0.047,32.3752, -,9,15.2,0," ""Northridge-01""",1994," ""Antelope Buttes""",6.69, Reverse,46.65,46.91,572.57,0.12,33.0535, RSN946_NORTHR_ATB000.AT2, RSN946_NORTHR_ATB090.AT2 , RSN946_NORTHR_ATB-UP.AT2  
14, H1,1005,0.0597,6.8785, -,7.3,14.6,0.5," ""Northridge-01""",1994," ""LA - Temple & Hope""",6.69, Reverse,28.82,31.48,452.15,0.2,7.0226, RSN1005_NORTHR_TEM090.AT2, RSN1005_NORTHR_TEM180.AT2 , RSN1005_NORTHR_TEM-UP.AT2  
15, H1,1083,0.0388,6.9721, -,6.8,15.9,0.5," ""Northridge-01""",1994," ""Sunland - Mt Gleason Ave""",6.69, Reverse,12.38,13.35,402.16,0.125,7.1182, RSN1083_NORTHR_GLE170.AT2, RSN1083_NORTHR_GLE260.AT2 , RSN1083_NORTHR_GLE-UP.AT2  
16, H1,1089,0.0569,17.0791, -,5.6,9.3,1," ""Northridge-01""",1994," ""Topanga - Fire Sta""",6.69, Reverse,10.31,22.28,505.97,0.168,17.4369, RSN1089_NORTHR_TPF360.AT2, RSN1089_NORTHR_TPF270.AT2 , RSN1089_NORTHR_TPF-UP.AT2  
17, H1,1093,0.0416,36.1545, -,9.5,16.1,0.1," ""Northridge-01""",1994," ""Villa Park - Serrano Ave""",6.69, Reverse,76.38,77.56,416.93,0.125,36.912, RSN1093_NORTHR_SER000.AT2, RSN1093_NORTHR_SER270.AT2 , RSN1093_NORTHR_SER-UP.AT2  
18, H1,1148,0.0573,9.3299,7.791,7.7,11.1,0.3," ""Kocaeli_ Turkey""",1999," ""Arcelik""",7.51, strike slip,10.56,13.49,523,0.0875,9.5254, RSN1148_KOCAELI_ARE000.AT2, RSN1148_KOCAELI_ARE090.AT2 , RSN1148_KOCAELI_AREDWN.AT2  
19, H1,1190,0.0334,13.9525, -,24.7,39.1,0.1," ""Chi-Chi_ Taiwan""",1999," ""CHY019""",7.62, Reverse Oblique,49.98,50.53,497.53,0.0375,14.2448, RSN1190_CHICHI_CHY019-N.AT2, RSN1190_CHICHI_CHY019-W.AT2 , RSN1190_CHICHI_CHY019-V.AT2  
20, H1,1198,0.0235,3.1118, -,9.1,32.3,0.9," ""Chi-Chi_ Taiwan""",1999," ""CHY029""",7.62, Reverse Oblique,10.96,10.96,544.74,0.0375,3.177, RSN1198_CHICHI_CHY029-E.AT2, RSN1198_CHICHI_CHY029-N.AT2 , RSN1198_CHICHI_CHY029-V.AT2  
21, H1,1214,0.0406,15.5045, -,26.1,39.1,0.1," ""Chi-Chi_ Taiwan""",1999," ""CHY057""",7.62, Reverse Oblique,56.67,56.93,411.46,0.0375,15.8293, RSN1214_CHICHI_CHY057-E.AT2, RSN1214_CHICHI_CHY057-N.AT2 , RSN1214_CHICHI_CHY057-V.AT2  
22, H1,1218,0.0469,19.1066, -,24.7,38,0.1," ""Chi-Chi_ Taiwan""",1999," ""CHY061""",7.62, Reverse Oblique,57.5,58.75,538.69,0.0875,19.5069, RSN1218_CHICHI_CHY061-E.AT2, RSN1218_CHICHI_CHY061-N.AT2 , RSN1218_CHICHI_CHY061-V.AT2  
23, H1,1227,0.048,2.3501, -,19.1,32,1.1," ""Chi-Chi_ Taiwan""",1999," ""CHY074""",7.62, Reverse Oblique,0.7,10.8,553.43,0.025,2.3993, RSN1227_CHICHI_CHY074-E.AT2, RSN1227_CHICHI_CHY074-N.AT2 , RSN1227_CHICHI_CHY074-V.AT2  
24, H1,1230,0.0501,19.271, -,21.2,37.6,0.1," ""Chi-Chi_ Taiwan""",1999," ""CHY079""",7.62, Reverse Oblique,46.59,47.52,573.04,0.0375,19.6747, RSN1230_CHICHI_CHY079-E.AT2, RSN1230_CHICHI_CHY079-N.AT2 , RSN1230_CHICHI_CHY079-V.AT2  
25, H1,1263,0.0312,5.3074, -,11.1,33.7,0.2," ""Chi-Chi_ Taiwan""",1999," ""HWA012""",7.62, Reverse Oblique,53,56.65,414.42,0.15,5.4186, RSN1263_CHICHI_HWA012-E.AT2, RSN1263_CHICHI_HWA012-N.AT2 , RSN1263_CHICHI_HWA012-V.AT2  
26, H1,1269,0.0593,4.1264, -,13.5,29.6,0.4," ""Chi-Chi_ Taiwan""",1999," ""HWA019""",7.62, Reverse Oblique,51.87,55.59,494.82,0.025,4.2128, RSN1269_CHICHI_HWA019-E.AT2, RSN1269_CHICHI_HWA019-N.AT2 , RSN1269_CHICHI_HWA019-V.AT2  
27, H1,1274,0.0405,13.853, -,11,20.5,0.1," ""Chi-Chi_ Taiwan""",1999," ""HWA025""",7.62, Reverse Oblique,49.93,53.79,494.32,0.1875,14.1432, RSN1274_CHICHI_HWA025-E.AT2, RSN1274_CHICHI_HWA025-N.AT2 , RSN1274_CHICHI_HWA025-V.AT2  
28, H1,1277,0.0556,6.439, -,14.2,35.3,0.3," ""Chi-Chi_ Taiwan""",1999," ""HWA028""",7.62, Reverse Oblique,49.99,53.84,406.7,0.025,6.5739, RSN1277_CHICHI_HWA028-E.AT2, RSN1277_CHICHI_HWA028-N.AT2 , RSN1277_CHICHI_HWA028-V.AT2  
29, H1,1279,0.0396,8.3068, -,10.6,21.1,0.1," ""Chi-Chi_ Taiwan""",1999," ""HWA030""",7.62, Reverse Oblique,42.47,46.95,592.18,0.025,8.4809, RSN1279_CHICHI_HWA030-E.AT2, RSN1279_CHICHI_HWA030-N.AT2 , RSN1279_CHICHI_HWA030-V.AT2  
30, H1,1285,0.022,6.6088, -,19.8,31.1,0.2," ""Chi-Chi_ Taiwan""",1999," ""HWA036""",7.62, Reverse Oblique,38.97,43.8,503.04,0.025,6.7472, RSN1285_CHICHI_HWA036-E.AT2, RSN1285_CHICHI_HWA036-N.AT2 , RSN1285_CHICHI_HWA036-V.AT2  
31, H1,1299,0.0372,9.7239, -,23.9,36.1,0.1," ""Chi-Chi_ Taiwan""",1999," ""HWA054""",7.62, Reverse Oblique,38.07,43.01,452.83,0.075,9.9277, RSN1299_CHICHI_HWA054-N.AT2, RSN1299_CHICHI_HWA054-W.AT2 ,  -----   
32, H1,1301,0.0458,17.0528, -,9.5,16.9,0.2," ""Chi-Chi_ Taiwan""",1999," ""HWA056""",7.62, Reverse Oblique,35.9,41.1,511.3,0.0375,17.4101, RSN1301_CHICHI_HWA056-E.AT2, RSN1301_CHICHI_HWA056-N.AT2 , RSN1301_CHICHI_HWA056-V.AT2  
33, H1,1321,0.0493,9.7646, -,13.9,26.5,0.1," ""Chi-Chi_ Taiwan""",1999," ""ILA021""",7.62, Reverse Oblique,74.26,76.9,573.04,0.05,9.9692, RSN1321_CHICHI_ILA021-N.AT2, RSN1321_CHICHI_ILA021-W.AT2 , RSN1321_CHICHI_ILA021-V.AT2  
34, H1,1339,0.0301,6.6713, -,19.8,36.9,0.2," ""Chi-Chi_ Taiwan""",1999," ""ILA051""",7.62, Reverse Oblique,76.45,79.03,520.64,0.025,6.8111, RSN1339_CHICHI_ILA051-E.AT2, RSN1339_CHICHI_ILA051-N.AT2 , RSN1339_CHICHI_ILA051-V.AT2  
35, H1,1375,0.0454,19.7523, -,25.6,39.5,0.1," ""Chi-Chi_ Taiwan""",1999," ""KAU047""",7.62, Reverse Oblique,52.89,54.95,573.04,0.0375,20.1661, RSN1375_CHICHI_KAU047-E.AT2, RSN1375_CHICHI_KAU047-N.AT2 , RSN1375_CHICHI_KAU047-V.AT2  
36, H1,1380,0.058,14.1082, -,19,32.5,0.1," ""Chi-Chi_ Taiwan""",1999," ""KAU054""",7.62, Reverse Oblique,27.37,30.85,497.22,0.05,14.4038, RSN1380_CHICHI_KAU054-E.AT2, RSN1380_CHICHI_KAU054-N.AT2 , RSN1380_CHICHI_KAU054-V.AT2  
37, H1,1402,0.0377,7.8778,7.875,8.7,10.2,0.8," ""Chi-Chi_ Taiwan""",1999," ""NST""",7.62, Reverse Oblique,38.36,38.42,491.08,0.0625,8.0428, RSN1402_CHICHI_NST-E.AT2, RSN1402_CHICHI_NST-N.AT2 , RSN1402_CHICHI_NST-V.AT2  
38, H1,1475,0.0338,4.857,8.372,12,24.7,0.2," ""Chi-Chi_ Taiwan""",1999," ""TCU026""",7.62, Reverse Oblique,56.03,56.12,569.98,0.025,4.9588, RSN1475_CHICHI_TCU026-E.AT2, RSN1475_CHICHI_TCU026-N.AT2 , RSN1475_CHICHI_TCU026-V.AT2  
39, H1,1478,0.0401,3.2903,8.974,12.6,26.7,0.8," ""Chi-Chi_ Taiwan""",1999," ""TCU033""",7.62, Reverse Oblique,40.88,40.88,423.4,0.0375,3.3592, RSN1478_CHICHI_TCU033-E.AT2, RSN1478_CHICHI_TCU033-N.AT2 , RSN1478_CHICHI_TCU033-V.AT2  
40, H1,1484,0.0287,3.2551, -,14.8,21.4,1.1," ""Chi-Chi_ Taiwan""",1999," ""TCU042""",7.62, Reverse Oblique,26.31,26.31,578.98,0.0625,3.3233, RSN1484_CHICHI_TCU042-E.AT2, RSN1484_CHICHI_TCU042-N.AT2 , RSN1484_CHICHI_TCU042-V.AT2  
41, H1,1486,0.0534,4.8801,8.043,11.2,18.4,0.4," ""Chi-Chi_ Taiwan""",1999," ""TCU046""",7.62, Reverse Oblique,16.74,16.74,465.55,0.075,4.9823, RSN1486_CHICHI_TCU046-E.AT2, RSN1486_CHICHI_TCU046-N.AT2 , RSN1486_CHICHI_TCU046-V.AT2  
42, H1,1489,0.0297,3.0092,10.22,17.7,22.7,1.4," ""Chi-Chi_ Taiwan""",1999," ""TCU049""",7.62, Reverse Oblique,3.76,3.76,487.27,0.025,3.0722, RSN1489_CHICHI_TCU049-E.AT2, RSN1489_CHICHI_TCU049-N.AT2 , RSN1489_CHICHI_TCU049-V.AT2  
43, H1,1490,0.0366,3.5059, -,19.4,27,0.8," ""Chi-Chi_ Taiwan""",1999," ""TCU050""",7.62, Reverse Oblique,9.49,9.49,542.41,0.0375,3.5794, RSN1490_CHICHI_TCU050-E.AT2, RSN1490_CHICHI_TCU050-N.AT2 , RSN1490_CHICHI_TCU050-V.AT2  
44, H1,1493,0.0181,3.6923,13.118,18.8,27.7,0.9," ""Chi-Chi_ Taiwan""",1999," ""TCU053""",7.62, Reverse Oblique,5.95,5.95,454.55,0.0375,3.7696, RSN1493_CHICHI_TCU053-E.AT2, RSN1493_CHICHI_TCU053-N.AT2 , RSN1493_CHICHI_TCU053-V.AT2  
45, H1,1496,0.0462,3.1946,8.939,22.9,31.8,0.9," ""Chi-Chi_ Taiwan""",1999," ""TCU056""",7.62, Reverse Oblique,10.48,10.48,403.2,0.05,3.2616, RSN1496_CHICHI_TCU056-E.AT2, RSN1496_CHICHI_TCU056-N.AT2 , RSN1496_CHICHI_TCU056-V.AT2  
46, H1,1497,0.0458,3.2451, -,20.6,29.8,0.6," ""Chi-Chi_ Taiwan""",1999," ""TCU057""",7.62, Reverse Oblique,11.83,11.83,555.23,0.0375,3.3131, RSN1497_CHICHI_TCU057-E.AT2, RSN1497_CHICHI_TCU057-N.AT2 , RSN1497_CHICHI_TCU057-V.AT2  
47, H1,1515,0.0416,2.6565,8.099,19.4,27,1.3," ""Chi-Chi_ Taiwan""",1999," ""TCU082""",7.62, Reverse Oblique,5.16,5.16,472.81,0.05,2.7122, RSN1515_CHICHI_TCU082-E.AT2, RSN1515_CHICHI_TCU082-N.AT2 , RSN1515_CHICHI_TCU082-V.AT2  
48, H1,1532,0.06,3.6522, -,18.9,28,0.7," ""Chi-Chi_ Taiwan""",1999," ""TCU105""",7.62, Reverse Oblique,17.16,17.16,575.54,0.0375,3.7287, RSN1532_CHICHI_TCU105-E.AT2, RSN1532_CHICHI_TCU105-N.AT2 , RSN1532_CHICHI_TCU105-V.AT2  
49, H1,1541,0.0501,2.2179, -,17.8,33.3,1.6," ""Chi-Chi_ Taiwan""",1999," ""TCU116""",7.62, Reverse Oblique,12.38,12.38,493.09,0.0375,2.2644, RSN1541_CHICHI_TCU116-E.AT2, RSN1541_CHICHI_TCU116-N.AT2 , RSN1541_CHICHI_TCU116-V.AT2  
50, H1,1545,0.0609,1.8934, -,21.7,32.4,2," ""Chi-Chi_ Taiwan""",1999," ""TCU120""",7.62, Reverse Oblique,7.4,7.4,459.34,0.0375,1.933, RSN1545_CHICHI_TCU120-E.AT2, RSN1545_CHICHI_TCU120-N.AT2 , RSN1545_CHICHI_TCU120-V.AT2  
51, H1,1549,0.0503,2.011, -,19,30.8,9.3," ""Chi-Chi_ Taiwan""",1999," ""TCU129""",7.62, Reverse Oblique,1.83,1.83,511.18,0.0375,2.0532, RSN1549_CHICHI_TCU129-E.AT2, RSN1549_CHICHI_TCU129-N.AT2 , RSN1549_CHICHI_TCU129-V.AT2  
52, H1,1572,0.058,24.4346, -,23.2,36.9,0," ""Chi-Chi_ Taiwan""",1999," ""TTN018""",7.62, Reverse Oblique,71.72,74.45,573.04,0.025,24.9465, RSN1572_CHICHI_TTN018-E.AT2, RSN1572_CHICHI_TTN018-N.AT2 , RSN1572_CHICHI_TTN018-V.AT2  
53, H1,1573,0.0312,12.7173, -,23.4,42.2,0.1," ""Chi-Chi_ Taiwan""",1999," ""TTN020""",7.62, Reverse Oblique,46.57,50.69,453.71,0.025,12.9838, RSN1573_CHICHI_TTN020-E.AT2, RSN1573_CHICHI_TTN020-N.AT2 , RSN1573_CHICHI_TTN020-V.AT2  
54, H1,1575,0.0386,6.9413, -,29.3,39.1,0.3," ""Chi-Chi_ Taiwan""",1999," ""TTN023""",7.62, Reverse Oblique,50.47,54.29,527.54,0.025,7.0867, RSN1575_CHICHI_TTN023-E.AT2, RSN1575_CHICHI_TTN023-N.AT2 , RSN1575_CHICHI_TTN023-V.AT2  
55, H1,1579,0.042,17.3706, -,27,39.1,0.1," ""Chi-Chi_ Taiwan""",1999," ""TTN027""",7.62, Reverse Oblique,73.45,76.13,428.95,0.0375,17.7345, RSN1579_CHICHI_TTN027-E.AT2, RSN1579_CHICHI_TTN027-N.AT2 , RSN1579_CHICHI_TTN027-V.AT2  
56, H1,1588,0.0371,7.0981, -,25.4,49,0.2," ""Chi-Chi_ Taiwan""",1999," ""TTN044""",7.62, Reverse Oblique,55.47,58.97,419.63,0.0375,7.2468, RSN1588_CHICHI_TTN044-N.AT2, RSN1588_CHICHI_TTN044-W.AT2 , RSN1588_CHICHI_TTN044-V.AT2  
57, H1,1620,0.0581,41.0614, -,17.1,26.4,0," ""Duzce_ Turkey""",1999," ""Sakarya""",7.14, strike slip,45.16,45.16,411.91,0.0625,41.9217, RSN1620_DUZCE_SKR090.AT2, RSN1620_DUZCE_SKR180.AT2 , RSN1620_DUZCE_SKR-UP.AT2  
58, H1,1833,0.0315,35.8074, -,15.6,26.8,0," ""Hector Mine""",1999," ""Snow Creek""",7.13, strike slip,72.88,72.88,523.59,0.065,36.5576, RSN1833_HECTOR_SNC090.AT2, RSN1833_HECTOR_SNC180.AT2 , RSN1833_HECTOR_SNC-UP.AT2  
59, H1,3760,0.0422,11.4695, -,17.7,24.5,0.6," ""Landers""",1992," ""Big Bear Lake - Civic Center""",7.28, strike slip,45.48,45.48,430.36,0.15,11.7098, RSN3760_LANDERS_BLC360.AT2, RSN3760_LANDERS_BLC270.AT2 , RSN3760_LANDERS_BLC-UP.AT2  
60, H1,3905,0.0582,46.3017, -,11.8,19.7,0.2," ""Tottori_ Japan""",2000," ""OKY002""",6.61, strike slip,54.7,54.71,592.05,0.02875,47.2718, RSN3905_TOTTORI_OKY002NS.AT2, RSN3905_TOTTORI_OKY002EW.AT2 , RSN3905_TOTTORI_OKY002UD.AT2  
61, H1,3909,0.0328,47.7659, -,11.8,18.9,0.2," ""Tottori_ Japan""",2000," ""OKY006""",6.61, strike slip,50.85,50.85,516.67,0.015,48.7667, RSN3909_TOTTORI_OKY006NS.AT2, RSN3909_TOTTORI_OKY006EW.AT2 , RSN3909_TOTTORI_OKY006UD.AT2  
62, H1,3911,0.0448,23.9952, -,8.5,16.4,0.3," ""Tottori_ Japan""",2000," ""OKY008""",6.61, strike slip,50.35,50.35,450.61,0.375,24.4979, RSN3911_TOTTORI_OKY008NS.AT2, RSN3911_TOTTORI_OKY008EW.AT2 , RSN3911_TOTTORI_OKY008UD.AT2  
63, H1,3916,0.0323,45.3719, -,15.7,22.8,0.2," ""Tottori_ Japan""",2000," ""OKY013""",6.61, strike slip,69.28,69.28,472.37,0.02875,46.3225, RSN3916_TOTTORI_OKY013NS.AT2, RSN3916_TOTTORI_OKY013EW.AT2 , RSN3916_TOTTORI_OKY013UD.AT2  
64, H1,3924,0.0159,37.4424, -,14.8,24.5,0.2," ""Tottori_ Japan""",2000," ""OKYH06""",6.61, strike slip,51.07,51.08,551.88,0.01625,38.2269, RSN3924_TOTTORI_OKYH06NS.AT2, RSN3924_TOTTORI_OKYH06EW.AT2 , RSN3924_TOTTORI_OKYH06UD.AT2  
65, H1,3928,0.0473,26.424, -,10.6,22.2,1," ""Tottori_ Japan""",2000," ""OKYH10""",6.61, strike slip,46.36,46.37,553.65,0.04125,26.9776, RSN3928_TOTTORI_OKYH10NS.AT2, RSN3928_TOTTORI_OKYH10EW.AT2 , RSN3928_TOTTORI_OKYH10UD.AT2  
66, H1,3929,0.054,55.1906, -,15.2,21.5,0.5," ""Tottori_ Japan""",2000," ""OKYH11""",6.61, strike slip,60.83,60.83,531.98,0.075,56.3469, RSN3929_TOTTORI_OKYH11NS.AT2, RSN3929_TOTTORI_OKYH11EW.AT2 , RSN3929_TOTTORI_OKYH11UD.AT2  
67, H1,3947,0.0262,5.3372, -,6.3,31.6,5.4," ""Tottori_ Japan""",2000," ""SMNH01""",6.61, strike slip,5.83,5.86,446.34,0.0625,5.449, RSN3947_TOTTORI_SMNH01NS.AT2, RSN3947_TOTTORI_SMNH01EW.AT2 , RSN3947_TOTTORI_SMNH01UD.AT2  
68, H1,3960,0.0425,59.4546, -,12.3,24.3,0.1," ""Tottori_ Japan""",2000," ""TTR003""",6.61, strike slip,72.67,72.67,462.03,0.1,60.7003, RSN3960_TOTTORI_TTR003NS.AT2, RSN3960_TOTTORI_TTR003EW.AT2 , RSN3960_TOTTORI_TTR003UD.AT2  
69, H1,3964,0.0486,4.1108, -,4.9,12.7,5.2," ""Tottori_ Japan""",2000," ""TTR007""",6.61, strike slip,11.28,11.29,469.79,0.075,4.1969, RSN3964_TOTTORI_TTR007NS.AT2, RSN3964_TOTTORI_TTR007EW.AT2 , RSN3964_TOTTORI_TTR007UD.AT2  
70, H1,3966,0.0347,4.7562, -,4.8,11.1,2.9," ""Tottori_ Japan""",2000," ""TTR009""",6.61, strike slip,8.82,8.83,420.2,0.125,4.8558, RSN3966_TOTTORI_TTR009NS.AT2, RSN3966_TOTTORI_TTR009EW.AT2 , RSN3966_TOTTORI_TTR009UD.AT2  
71, H1,3967,0.027,48.323, -,14.3,24,0," ""Tottori_ Japan""",2000," ""TTRH01""",6.61, strike slip,71.11,71.12,426.07,0.02625,49.3355, RSN3967_TOTTORI_TTRH01NS.AT2, RSN3967_TOTTORI_TTRH01EW.AT2 , RSN3967_TOTTORI_TTRH01UD.AT2  
72, H1,4031,0.0441,3.1408, -,3.3,10.3,1.9," ""San Simeon_ CA""",2003," ""Templeton - 1-story Hospital""",6.52, Reverse,5.07,6.22,410.66,0.0875,3.2066, RSN4031_SANSIMEO_36695090.AT2, RSN4031_SANSIMEO_36695360.AT2 , RSN4031_SANSIMEO_36695-UP.AT2  
73, H1,4037,0.0328,28.0095, -,11.5,19.4,0.3," ""Bam_ Iran""",2003," ""Abaragh""",6.6, strike slip,47.16,47.18,412.23,0.1,28.5964, RSN4037_BAM_ABAR-L.AT2, RSN4037_BAM_ABAR-T.AT2 , RSN4037_BAM_ABAR-V.AT2  
74, H1,4160,0.0315,84.8768, -,10.8,28.7,1," ""Niigata_ Japan""",2004," ""FKS029""",6.63, Reverse,51.73,51.88,431.98,0.125,86.6551, RSN4160_NIIGATA_FKS029NS.AT2, RSN4160_NIIGATA_FKS029EW.AT2 , RSN4160_NIIGATA_FKS029UD.AT2  
75, H1,4211,0.0286,5.6505,0.322,2,5.6,10," ""Niigata_ Japan""",2004," ""NIG021""",6.63, Reverse,10.21,11.26,418.5,0.0875,5.7689, RSN4211_NIIGATA_NIG021NS.AT2, RSN4211_NIIGATA_NIG021EW.AT2 , RSN4211_NIIGATA_NIG021UD.AT2  
76, H1,4224,0.044,71.795, -,6.5,15.5,0.1," ""Niigata_ Japan""",2004," ""NIGH07""",6.63, Reverse,40.76,40.95,528.19,0.025,73.2992, RSN4224_NIIGATA_NIGH07NS.AT2, RSN4224_NIIGATA_NIGH07EW.AT2 , RSN4224_NIIGATA_NIGH07UD.AT2  
77, H1,4230,0.0355,18.9768, -,11.4,40.3,0.1," ""Niigata_ Japan""",2004," ""NIGH13""",6.63, Reverse,36.76,39.43,461.1,0.025,19.3744, RSN4230_NIIGATA_NIGH13NS.AT2, RSN4230_NIIGATA_NIGH13EW.AT2 , RSN4230_NIIGATA_NIGH13UD.AT2  
78, H1,4457,0.0317,5.302, -,7.7,12.2,0.7," ""Montenegro_ Yugoslavia""",1979," ""Ulcinj - Hotel Albatros""",7.1, Reverse,1.52,4.35,410.35,0.25,5.4131, RSN4457_MONTENE.GRO_ULA000.AT2, RSN4457_MONTENE.GRO_ULA090.AT2 , RSN4457_MONTENE.GRO_ULA-V.AT2  
79, H1,4854,0.0452,9.1592, -,7,21.1,0.3," ""Chuetsu-oki_ Japan""",2007," ""Nadachiku Joetsu City""",6.8, Reverse,35.79,35.93,570.62,0.1,9.3511, RSN4854_CHUETSU_65020NS.AT2, RSN4854_CHUETSU_65020EW.AT2 , RSN4854_CHUETSU_65020UD.AT2  
80, H1,4882,0.0427,5.5997, -,7.4,22.7,1.8," ""Chuetsu-oki_ Japan""",2007," ""Ojiya City""",6.8, Reverse,15.89,23.44,430.16,0.1,5.7171, RSN4882_CHUETSU_65321NS.AT2, RSN4882_CHUETSU_65321EW.AT2 , RSN4882_CHUETSU_65321UD.AT2  
81, H1,4998,0.0393,172.1457, -,13.8,21.6,0.2," ""Chuetsu-oki_ Japan""",2007," ""FKS029""",6.8, Reverse,77.2,79.1,431.98,0.0625,175.7524, RSN4998_CHUETSU_FKS029NS.AT2, RSN4998_CHUETSU_FKS029EW.AT2 , RSN4998_CHUETSU_FKS029UD.AT2  
82, H1,5061,0.0531,83.1027, -,11.7,86.5,0.1," ""Chuetsu-oki_ Japan""",2007," ""GNM002""",6.8, Reverse,67.03,69.21,442.51,0.025,84.8438, RSN5061_CHUETSU_GNM002NS.AT2, RSN5061_CHUETSU_GNM002EW.AT2 , RSN5061_CHUETSU_GNM002UD.AT2  
83, H1,5267,0.0543,8.8584, -,3.7,18,0.8," ""Chuetsu-oki_ Japan""",2007," ""NIG021""",6.8, Reverse,24.31,29.8,418.5,0.025,9.044, RSN5267_CHUETSU_NIG021NS.AT2, RSN5267_CHUETSU_NIG021EW.AT2 , RSN5267_CHUETSU_NIG021UD.AT2  
84, H1,5274,0.0537,9.9099, -,12,36.3,0.4," ""Chuetsu-oki_ Japan""",2007," ""NIG028""",6.8, Reverse,15.32,23.05,430.71,0.025,10.1175, RSN5274_CHUETSU_NIG028NS.AT2, RSN5274_CHUETSU_NIG028EW.AT2 , RSN5274_CHUETSU_NIG028UD.AT2  
85, H1,5275,0.0518,9.8317, -,11.8,36.5,0.4," ""Chuetsu-oki_ Japan""",2007," ""NIGH01""",6.8, Reverse,15.77,23.36,480.4,0.0375,10.0377, RSN5275_CHUETSU_NIGH01NS.AT2, RSN5275_CHUETSU_NIGH01EW.AT2 , RSN5275_CHUETSU_NIGH01UD.AT2  
86, H1,5280,0.0525,11.3848, -,11.8,27.6,0.6," ""Chuetsu-oki_ Japan""",2007," ""NIGH06""",6.8, Reverse,30.53,35.05,493.27,0.05,11.6233, RSN5280_CHUETSU_NIGH06NS.AT2, RSN5280_CHUETSU_NIGH06EW.AT2 , RSN5280_CHUETSU_NIGH06UD.AT2  
87, H1,5281,0.0568,81.839, -,9.8,17.2,0.1," ""Chuetsu-oki_ Japan""",2007," ""NIGH07""",6.8, Reverse,46.84,49.91,528.19,0.1,83.5536, RSN5281_CHUETSU_NIGH07NS.AT2, RSN5281_CHUETSU_NIGH07EW.AT2 , RSN5281_CHUETSU_NIGH07UD.AT2  
88, H1,5282,0.0415,27.3051, -,10.1,22.2,0.2," ""Chuetsu-oki_ Japan""",2007," ""NIGH09""",6.8, Reverse,32.6,36.87,462.93,0.1,27.8772, RSN5282_CHUETSU_NIGH09NS.AT2, RSN5282_CHUETSU_NIGH09EW.AT2 , RSN5282_CHUETSU_NIGH09UD.AT2  
89, H1,5494,0.0588,13.9262, -,9.7,21.4,0.3," ""Iwate_ Japan""",2008," ""AKTH18""",6.9, Reverse,47.38,48.95,431,0.025,14.218, RSN5494_IWATE_AKTH18NS.AT2, RSN5494_IWATE_AKTH18EW.AT2 , RSN5494_IWATE_AKTH18UD.AT2  
90, H1,5617,0.0471,40.693, -,13.7,25.9,2.1," ""Iwate_ Japan""",2008," ""IWT009""",6.9, Reverse,33.28,33.28,516.53,0.1,41.5456, RSN5617_IWATE_IWT009NS.AT2, RSN5617_IWATE_IWT009EW.AT2 , RSN5617_IWATE_IWT009UD.AT2  
91, H1,5623,0.0464,9.4329, -,6.5,16.5,0.5," ""Iwate_ Japan""",2008," ""IWT015""",6.9, Reverse,17.05,21.02,567.45,0.0875,9.6306, RSN5623_IWATE_IWT015NS.AT2, RSN5623_IWATE_IWT015EW.AT2 , RSN5623_IWATE_IWT015UD.AT2  
92, H1,5637,0.0269,29.9417, -,11.3,23,0.8," ""Iwate_ Japan""",2008," ""IWTH05""",6.9, Reverse,38.05,38.06,429.2,0.025,30.569, RSN5637_IWATE_IWTH05NS.AT2, RSN5637_IWATE_IWTH05EW.AT2 , RSN5637_IWATE_IWTH05UD.AT2  
93, H1,5660,0.0233,45.6611, -,17.5,27.5,0.5," ""Iwate_ Japan""",2008," ""MYG001""",6.9, Reverse,52.06,52.06,559.76,0.0375,46.6177, RSN5660_IWATE_MYG001NS.AT2, RSN5660_IWATE_MYG001EW.AT2 , RSN5660_IWATE_MYG001UD.AT2  
94, H1,5804,0.0299,7.3963, -,7,9.9,1," ""Iwate_ Japan""",2008," ""Yamauchi Tsuchibuchi Yokote""",6.9, Reverse,25.61,28.41,561.59,0.05,7.5512, RSN5804_IWATE_55446NS.AT2, RSN5804_IWATE_55446EW.AT2 , RSN5804_IWATE_55446UD.AT2  
95, H1,5807,0.0622,7.7043, -,8,13.3,1.6," ""Iwate_ Japan""",2008," ""Yuzama Yokobori""",6.9, Reverse,27.1,29.75,570.62,0.1625,7.8657, RSN5807_IWATE_55462NS.AT2, RSN5807_IWATE_55462EW.AT2 , RSN5807_IWATE_55462UD.AT2  
96, H1,5818,0.0613,2.1934, -,6.5,15.1,7.3," ""Iwate_ Japan""",2008," ""Kurihara City""",6.9, Reverse,12.83,12.85,512.26,0.1,2.2393, RSN5818_IWATE_48A61NS.AT2, RSN5818_IWATE_48A61EW.AT2 , RSN5818_IWATE_48A61UD.AT2  
97, H1,5842,0.0319,15.5317, -,21.2,42,0.1," ""El Mayor-Cucapah_ Mexico""",2010," ""Anza Borrego S.P. - Tierra Blan""",7.2, strike slip,57.94,57.95,585.04,0.025,15.8571, RSN5842_SIERRA.MEX_02659360.AT2, RSN5842_SIERRA.MEX_02659-90.AT2 , RSN5842_SIERRA.MEX_02659-UP.AT2  
98, H1,6980,0.0498,5.4704, -,15.1,23.2,0.7," ""Darfield_ New Zealand""",2010," ""WAKC""",7, strike slip,72.5,72.5,484.49,0.0375,5.5851, RSN6980_DARFIELD_WAKCN80E.AT2, RSN6980_DARFIELD_WAKCS10E.AT2 , RSN6980_DARFIELD_WAKCUP.AT2  
99, H1,8163,0.02,51.0381, -,21.3,33.1,0," ""El Mayor-Cucapah_ Mexico""",2010," ""SANTA ISABEL VIEJO""",7.2, strike slip,55.19,57.49,483.02,0.0875,52.1074, RSN8163_SIERRA.MEX_SIV000.AT2, RSN8163_SIERRA.MEX_SIV090.AT2 , RSN8163_SIERRA.MEX_SIV--V.AT2  
100, H1,8597,0.0478,18.9937, -,9.6,29.7,0.1," ""El Mayor-Cucapah_ Mexico""",2010," ""Sam W. Stewart""",7.2, strike slip,31.79,32.22,503,0.025,19.3916, RSN8597_SIERRA.MEX_CISWSHNN.AT2, RSN8597_SIERRA.MEX_CISWSHNE.AT2 , RSN8597_SIERRA.MEX_CISWSHNZ.AT2  
1, SRSS,15, -,1, -,10.7,30.3,0.6," ""Kern County""",1952," ""Taft Lincoln School""",7.36, Reverse,38.42,38.89,385.43,0.125,1, RSN15_KERN_TAF021.AT2, RSN15_KERN_TAF111.AT2 , RSN15_KERN_TAF-UP.AT2  
2, SRSS,65, -,1, -,4.1,7.2,0.1," ""San Fernando""",1971," ""Gormon - Oso Pump Plant""",6.61, Reverse,43.95,46.78,308.35,0.125,1, RSN65_SFERN_OPP000.AT2, RSN65_SFERN_OPP270.AT2 , RSN65_SFERN_OPP-UP.AT2  
3, SRSS,68, -,1, -,5.2,13.4,0.7," ""San Fernando""",1971," ""LA - Hollywood Stor FF""",6.61, Reverse,22.77,22.77,316.46,0.1,1, RSN68_SFERN_PEL090.AT2, RSN68_SFERN_PEL180.AT2 , RSN68_SFERN_PEL-UP.AT2  
4, SRSS,121, -,1, -,4.3,10.4,0," ""Friuli_ Italy-01""",1976," ""Barcis""",6.5, Reverse,49.13,49.38,496.46,0.15,1, RSN121_FRIULI.A_A-BCS000.AT2, RSN121_FRIULI.A_A-BCS270.AT2 , RSN121_FRIULI.A_A-BCS-UP.AT2  
6, SRSS,187, -,1, -,7.1,18.6,0.2," ""Imperial Valley-06""",1979," ""Parachute Test Site""",6.53, strike slip,12.69,12.69,348.69,0.0625,1, RSN187_IMPVALL.H_H-PTS225.AT2, RSN187_IMPVALL.H_H-PTS315.AT2 , RSN187_IMPVALL.H_H-PTS-UP.AT2  
1, SRSS,20, -,1, -,6.8,19.4,0.5," ""Northern Calif-03""",1954," ""Ferndale City Hall""",6.5, strike slip,26.72,27.02,219.31,0.125,1, RSN20_NCALIF.FH_H-FRN044.AT2, RSN20_NCALIF.FH_H-FRN314.AT2 , RSN20_NCALIF.FH_H-FRN-UP.AT2  
2, SRSS,36, -,1, -,25,49.3,0.2," ""Borrego Mtn""",1968," ""El Centro Array #9""",6.63, strike slip,45.12,45.66,213.44,0.1,1, RSN36_BORREGO_A-ELC180.AT2, RSN36_BORREGO_A-ELC270.AT2 , RSN36_BORREGO_A-ELC-UP.AT2  
3, SRSS,82, -,1, -,38.5,49.2,0," ""San Fernando""",1971," ""Port Hueneme""",6.61, Reverse,68.84,68.84,248.98,0.0625,1, RSN82_SFERN_PHN180.AT2, RSN82_SFERN_PHN270.AT2 , RSN82_SFERN_PHN-UP.AT2  
4, SRSS,122, -,1, -,10.5,19,0.1," ""Friuli_ Italy-01""",1976," ""Codroipo""",6.5, Reverse,33.32,33.4,249.28,0.125,1, RSN122_FRIULI.A_A-COD000.AT2, RSN122_FRIULI.A_A-COD270.AT2 , RSN122_FRIULI.A_A-COD-UP.AT2  
5, SRSS,575, -,1, -,11.3,19.4,0.6," ""Taiwan SMART1(45)""",1986," ""SMART1 M01""",7.3, Reverse,56.87,56.87,268.37,0.0625,1, RSN575_SMART1.45_45M01EW.AT2, RSN575_SMART1.45_45M01NS.AT2 , RSN575_SMART1.45_45M01DN.AT2  
6, SRSS,577, -,1, -,10.2,25.1,0.7," ""Taiwan SMART1(45)""",1986," ""SMART1 O01""",7.3, Reverse,57.9,57.9,267.67,0.1,1, RSN577_SMART1.45_45O01EW.AT2, RSN577_SMART1.45_45O01NS.AT2 , RSN577_SMART1.45_45O01DN.AT2  
7, SRSS,579, -,1, -,10.1,21.9,0.7," ""Taiwan SMART1(45)""",1986," ""SMART1 O04""",7.3, Reverse,55.18,55.18,288.24,0.1,1, RSN579_SMART1.45_45O04EW.AT2, RSN579_SMART1.45_45O04NS.AT2 , RSN579_SMART1.45_45O04DN.AT2  
1, SRSS,138, -,1, -,14.6,19.5,0.3," ""Tabas_ Iran""",1978," ""Boshrooyeh""",7.35, Reverse,24.07,28.79,324.57,0.15625,1, RSN138_TABAS_BOS-L1.AT2, RSN138_TABAS_BOS-T1.AT2 , RSN138_TABAS_BOS-V1.AT2  
2, SRSS,725, -,1, -,11.2,13.7,2.1," ""Superstition Hills-02""",1987," ""Poe Road (temp)""",6.54, strike slip,11.16,11.16,316.64,0.1625,1, RSN725_SUPER.B_B-POE270.AT2, RSN725_SUPER.B_B-POE360.AT2 ,  -----   
3, SRSS,821, -,1, -,2.1,8.4,1.8," ""Erzican_ Turkey""",1992," ""Erzincan""",6.69, strike slip,0,4.38,352.05,0.125,1, RSN821_ERZINCAN_ERZ-NS.AT2, RSN821_ERZINCAN_ERZ-EW.AT2 , RSN821_ERZINCAN_ERZ-UP.AT2  
4, SRSS,882, -,1, -,25.3,37.9,0.7," ""Landers""",1992," ""North Palm Springs""",7.28, strike slip,26.84,26.84,344.67,0.05,1, RSN882_LANDERS_FHS000.AT2, RSN882_LANDERS_FHS090.AT2 , RSN882_LANDERS_FHS-UP.AT2  
5, SRSS,1106, -,1,1.092,4.3,9.5,8.4," ""Kobe_ Japan""",1995," ""KJMA""",6.9, strike slip,0.94,0.96,312,0.0625,1, RSN1106_KOBE_KJM000.AT2, RSN1106_KOBE_KJM090.AT2 , RSN1106_KOBE_KJM-UP.AT2  
6, SRSS,1107, -,1, -,8.2,13.2,1.7," ""Kobe_ Japan""",1995," ""Kakogawa""",6.9, strike slip,22.5,22.5,312,0.125,1, RSN1107_KOBE_KAK000.AT2, RSN1107_KOBE_KAK090.AT2 , RSN1107_KOBE_KAK-UP.AT2  
7, SRSS,1615, -,1, -,13.6,16.1,1," ""Duzce_ Turkey""",1999," ""Lamont 1062""",7.14, strike slip,9.14,9.14,338,0.0625,1, RSN1615_DUZCE_1062-N.AT2, RSN1615_DUZCE_1062-E.AT2 , RSN1615_DUZCE_1062-V.AT2  
8, SRSS,3747, -,1, -,8.6,15.3,0.6," ""Cape Mendocino""",1992," ""College of the Redwoods""",7.01, Reverse,29.22,31.46,492.74,0.0625,1, RSN3747_CAPEMEND_CRW270.AT2, RSN3747_CAPEMEND_CRW360.AT2 , RSN3747_CAPEMEND_CRW-UP.AT2  
9, SRSS,3753, -,1, -,22.7,29.6,1.2," ""Landers""",1992," ""Fun Valley""",7.28, strike slip,25.02,25.02,388.63,0.0625,1, RSN3753_LANDERS_FVR045.AT2, RSN3753_LANDERS_FVR135.AT2 , RSN3753_LANDERS_FVR-UP.AT2  
10, SRSS,3979, -,1, -,7.8,13.2,0.4," ""San Simeon_ CA""",2003," ""Cambria - Hwy 1 Caltrans Bridge""",6.52, Reverse,6.97,7.25,362.42,0.1,1, RSN3979_SANSIMEO_37737090.AT2, RSN3979_SANSIMEO_37737360.AT2 , RSN3979_SANSIMEO_37737-UP.AT2  
11, SRSS,4040, -,1,2.023,5.6,9.6,8," ""Bam_ Iran""",2003," ""Bam""",6.6, strike slip,0.05,1.7,487.4,0.0625,1, RSN4040_BAM_BAM-L.AT2, RSN4040_BAM_BAM-T.AT2 , RSN4040_BAM_BAM-V.AT2  
1, SRSS,347, -,1, -,9.1,19.9,0.1," ""Coalinga-01""",1983," ""Parkfield - Fault Zone 9""",6.36, Reverse,30.43,31.71,372.26,0.15,1, RSN347_COALINGA.H_H-Z09000.AT2, RSN347_COALINGA.H_H-Z09090.AT2 , RSN347_COALINGA.H_H-Z09-UP.AT2  
2, SRSS,352, -,1, -,3.9,14.7,0.2," ""Coalinga-01""",1983," ""Parkfield - Gold Hill 3W""",6.36, Reverse,38.1,39.12,510.92,0.15,1, RSN352_COALINGA.H_H-PG3000.AT2, RSN352_COALINGA.H_H-PG3090.AT2 , RSN352_COALINGA.H_H-PG3-UP.AT2  
3, SRSS,357, -,1, -,5.4,12.2,0.1," ""Coalinga-01""",1983," ""Parkfield - Stone Corral 3E""",6.36, Reverse,32.81,34,565.08,0.15,1, RSN357_COALINGA.H_H-SC3000.AT2, RSN357_COALINGA.H_H-SC3090.AT2 , RSN357_COALINGA.H_H-SC3-UP.AT2  
4, SRSS,471, -,1, -,11.3,19.7,0.2," ""Morgan Hill""",1984," ""San Justo Dam (L Abut)""",6.19, strike slip,31.88,31.88,543.63,0.125,1, RSN471_MORGAN_SJL270.AT2, RSN471_MORGAN_SJL360.AT2 , RSN471_MORGAN_SJL-UP.AT2  
5, SRSS,522, -,1, -,9.7,18.5,0.2," ""N. Palm Springs""",1986," ""Indio""",6.06, Reverse Oblique,35.34,35.57,307.54,0.125,1, RSN522_PALMSPR_INO225.AT2, RSN522_PALMSPR_INO315.AT2 , RSN522_PALMSPR_INO-UP.AT2  
6, SRSS,523, -,1, -,13.3,28.7,0.1," ""N. Palm Springs""",1986," ""Indio - Coachella Canal""",6.06, Reverse Oblique,41.74,41.93,339.02,0.125,1, RSN523_PALMSPR_IND000.AT2, RSN523_PALMSPR_IND090.AT2 , RSN523_PALMSPR_IND-UP.AT2  
7, SRSS,817, -,1, -,8,12.8,0," ""Georgia_ USSR""",1991," ""Baz""",6.2, Reverse,42.11,42.18,476.62,0.125,1, RSN817_GEORGIA_BAZ--X.AT2, RSN817_GEORGIA_BAZ--Y.AT2 , RSN817_GEORGIA_BAZ--Z.AT2  
8, SRSS,818, -,1, -,3.9,7.7,0.1," ""Georgia_ USSR""",1991," ""Iri""",6.2, Reverse,31.38,31.47,437.72,0.1,1, RSN818_GEORGIA_IRI--X.AT2, RSN818_GEORGIA_IRI--Y.AT2 , RSN818_GEORGIA_IRI--Z.AT2  
9, SRSS,819, -,1, -,10.1,15.9,0," ""Georgia_ USSR""",1991," ""Oni""",6.2, Reverse,42.19,42.26,392.67,0.1375,1, RSN819_GEORGIA_ONI--X.AT2, RSN819_GEORGIA_ONI--Y.AT2 , RSN819_GEORGIA_ONI--Z.AT2  
10, SRSS,930, -,1, -,11.7,22,0.2," ""Big Bear-01""",1992," ""San Bernardino - 2nd & Arrowhead""",6.46, strike slip,33.56,33.79,325.83,0.16,1, RSN930_BIGBEAR_SB2270.AT2, RSN930_BIGBEAR_SB2360.AT2 , RSN930_BIGBEAR_SB2-UP.AT2  
