Type,EDI_Std_Nomenclature,AISC_Manual_Label,T_F,W,A,d,ddet,Ht,h,OD,bf,bfdet,B,b,ID,tw,twdet,twdet/2,tf,tfdet,t,tnom,tdes,kdes,kdet,k1,x,y,eo,xp,yp,bf/2tf,b/t,b/tdes,h/tw,h/tdes,D/t,Ix,Zx,Sx,rx,Iy,Zy,Sy,ry
HSS,HSS22X22X.875,HSS22X22X7/8,F,244.88,67.3,–,–,22,19.6,–,–,–,22,19.6,–,–,–,–,–,–,–,0.875,0.814,–,–,–,–,–,–,–,–,–,–,24.1,–,24.1,–,4970,530,452,8.59,4970,530,452,8.59
HSS,HSS22X22X.750,HSS22X22X3/4,F,212,58.2,–,–,22,19.9,–,–,–,22,19.9,–,–,–,–,–,–,–,0.75,0.698,–,–,–,–,–,–,–,–,–,–,28.5,–,28.5,–,4350,462,395,8.65,4350,462,395,8.65
HSS,HSS20X20X.875,HSS20X20X7/8,F,221.06,60.8,–,–,20,17.6,–,–,–,20,17.6,–,–,–,–,–,–,–,0.875,0.814,–,–,–,–,–,–,–,–,–,–,21.6,–,21.6,–,3670,433,367,7.77,3670,433,367,7.77
HSS,HSS20X20X.750,HSS20X20X3/4,F,191.58,52.6,–,–,20,17.9,–,–,–,20,17.9,–,–,–,–,–,–,–,0.75,0.698,–,–,–,–,–,–,–,–,–,–,25.6,–,25.6,–,3230,378,323,7.84,3230,378,323,7.84
HSS,HSS20X20X.625,HSS20X20X5/8,F,161.4,44.3,–,–,20,18.3,–,–,–,20,18.3,–,–,–,–,–,–,–,0.625,0.581,–,–,–,–,–,–,–,–,–,–,31.5,–,31.5,–,2750,320,275,7.88,2750,320,275,7.88
HSS,HSS20X20X.500,HSS20X20X1/2,F,130.52,35.8,–,–,20,18.6,–,–,–,20,18.6,–,–,–,–,–,–,–,0.5,0.465,–,–,–,–,–,–,–,–,–,–,40,–,40,–,2260,261,226,7.95,2260,261,226,7.95
HSS,HSS18X18X.875,HSS18X18X7/8,F,197.24,54.3,–,–,18,15.6,–,–,–,18,15.6,–,–,–,–,–,–,–,0.875,0.814,–,–,–,–,–,–,–,–,–,–,19.2,–,19.2,–,2630,346,292,6.96,2630,346,292,6.96
HSS,HSS18X18X.750,HSS18X18X3/4,F,171.16,47.1,–,–,18,15.9,–,–,–,18,15.9,–,–,–,–,–,–,–,0.75,0.698,–,–,–,–,–,–,–,–,–,–,22.8,–,22.8,–,2320,302,258,7.02,2320,302,258,7.02
HSS,HSS18X18X.625,HSS18X18X5/8,F,144.39,39.6,–,–,18,16.3,–,–,–,18,16.3,–,–,–,–,–,–,–,0.625,0.581,–,–,–,–,–,–,–,–,–,–,28.1,–,28.1,–,1980,257,220,7.07,1980,257,220,7.07
HSS,HSS18X18X.500,HSS18X18X1/2,F,116.91,32.1,–,–,18,16.6,–,–,–,18,16.6,–,–,–,–,–,–,–,0.5,0.465,–,–,–,–,–,–,–,–,–,–,35.7,–,35.7,–,1630,210,181,7.13,1630,210,181,7.13
HSS,HSS16X16X.875,HSS16X16X7/8,F,173.43,47.7,–,–,16,13.6,–,–,–,16,13.6,–,–,–,–,–,–,–,0.875,0.814,–,–,–,–,–,–,–,–,–,–,16.7,–,16.7,–,1800,268,225,6.14,1800,268,225,6.14
HSS,HSS16X16X.750,HSS16X16X3/4,F,150.75,41.5,–,–,16,13.9,–,–,–,16,13.9,–,–,–,–,–,–,–,0.75,0.698,–,–,–,–,–,–,–,–,–,–,19.9,–,19.9,–,1590,235,199,6.19,1590,235,199,6.19
HSS,HSS16X16X.625,HSS16X16X5/8,F,127.37,35,–,–,16,14.3,–,–,–,16,14.3,–,–,–,–,–,–,–,0.625,0.581,–,–,–,–,–,–,–,–,–,–,24.5,–,24.5,–,1370,200,171,6.25,1370,200,171,6.25
HSS,HSS16X16X.500,HSS16X16X1/2,F,103.3,28.3,–,–,16,14.6,–,–,–,16,14.6,–,–,–,–,–,–,–,0.5,0.465,–,–,–,–,–,–,–,–,–,–,31.4,–,31.4,–,1130,164,141,6.31,1130,164,141,6.31
HSS,HSS16X16X.375,HSS16X16X3/8,F,78.52,21.5,–,–,16,15,–,–,–,16,15,–,–,–,–,–,–,–,0.375,0.349,–,–,–,–,–,–,–,–,–,–,42.8,–,42.8,–,873,126,109,6.37,873,126,109,6.37
HSS,HSS16X16X.313,HSS16X16X5/16,F,65.87,18.1,–,–,16,15.1,–,–,–,16,15.1,–,–,–,–,–,–,–,0.3125,0.291,–,–,–,–,–,–,–,–,–,–,52,–,52,–,739,106,92.3,6.39,739,106,92.3,6.39
HSS,HSS14X14X.875,HSS14X14X7/8,F,149.61,41.2,–,–,14,11.6,–,–,–,14,11.6,–,–,–,–,–,–,–,0.875,0.814,–,–,–,–,–,–,–,–,–,–,14.3,–,14.3,–,1170,201,167,5.33,1170,201,167,5.33
HSS,HSS14X14X.750,HSS14X14X3/4,F,130.33,35.9,–,–,14,11.9,–,–,–,14,11.9,–,–,–,–,–,–,–,0.75,0.698,–,–,–,–,–,–,–,–,–,–,17,–,17,–,1040,177,149,5.38,1040,177,149,5.38
HSS,HSS14X14X.625,HSS14X14X5/8,F,110.36,30.3,–,–,14,12.3,–,–,–,14,12.3,–,–,–,–,–,–,–,0.625,0.581,–,–,–,–,–,–,–,–,–,–,21.1,–,21.1,–,897,151,128,5.44,897,151,128,5.44
HSS,HSS14X14X.500,HSS14X14X1/2,F,89.68,24.6,–,–,14,12.6,–,–,–,14,12.6,–,–,–,–,–,–,–,0.5,0.465,–,–,–,–,–,–,–,–,–,–,27.1,–,27.1,–,743,124,106,5.49,743,124,106,5.49
HSS,HSS14X14X.375,HSS14X14X3/8,F,68.31,18.7,–,–,14,13,–,–,–,14,13,–,–,–,–,–,–,–,0.375,0.349,–,–,–,–,–,–,–,–,–,–,37.1,–,37.1,–,577,95.4,82.5,5.55,577,95.4,82.5,5.55
HSS,HSS14X14X.313,HSS14X14X5/16,F,57.36,15.7,–,–,14,13.1,–,–,–,14,13.1,–,–,–,–,–,–,–,0.3125,0.291,–,–,–,–,–,–,–,–,–,–,45.1,–,45.1,–,490,80.5,69.9,5.58,490,80.5,69.9,5.58
HSS,HSS12X12X.750,HSS12X12X3/4,F,109.91,30.3,–,–,12,9.91,–,–,–,12,9.91,–,–,–,–,–,–,–,0.75,0.698,–,–,–,–,–,–,–,–,–,–,14.2,–,14.2,–,631,127,105,4.56,631,127,105,4.56
HSS,HSS12X12X.625,HSS12X12X5/8,F,93.34,25.7,–,–,12,10.3,–,–,–,12,10.3,–,–,–,–,–,–,–,0.625,0.581,–,–,–,–,–,–,–,–,–,–,17.7,–,17.7,–,548,109,91.4,4.62,548,109,91.4,4.62
HSS,HSS12X12X.500,HSS12X12X1/2,F,76.07,20.9,–,–,12,10.6,–,–,–,12,10.6,–,–,–,–,–,–,–,0.5,0.465,–,–,–,–,–,–,–,–,–,–,22.8,–,22.8,–,457,89.6,76.2,4.68,457,89.6,76.2,4.68
HSS,HSS12X12X.375,HSS12X12X3/8,F,58.1,16,–,–,12,11,–,–,–,12,11,–,–,–,–,–,–,–,0.375,0.349,–,–,–,–,–,–,–,–,–,–,31.4,–,31.4,–,357,69.2,59.5,4.73,357,69.2,59.5,4.73
HSS,HSS12X12X.313,HSS12X12X5/16,F,48.86,13.4,–,–,12,11.1,–,–,–,12,11.1,–,–,–,–,–,–,–,0.3125,0.291,–,–,–,–,–,–,–,–,–,–,38.2,–,38.2,–,304,58.6,50.7,4.76,304,58.6,50.7,4.76
HSS,HSS12X12X.250,HSS12X12X1/4,F,39.43,10.8,–,–,12,11.3,–,–,–,12,11.3,–,–,–,–,–,–,–,0.25,0.233,–,–,–,–,–,–,–,–,–,–,48.5,–,48.5,–,248,47.6,41.4,4.79,248,47.6,41.4,4.79
HSS,HSS12X12X.188,HSS12X12X3/16,F,29.84,8.15,–,–,12,11.5,–,–,–,12,11.5,–,–,–,–,–,–,–,0.1875,0.174,–,–,–,–,–,–,–,–,–,–,66,–,66,–,189,36,31.5,4.82,189,36,31.5,4.82
HSS,HSS10X10X.750,HSS10X10X3/4,T,89.5,24.7,–,–,10,7.91,–,–,–,10,7.91,–,–,–,–,–,–,–,0.75,0.698,–,–,–,–,–,–,–,–,–,–,11.3,–,11.3,–,347,84.7,69.4,3.75,347,84.7,69.4,3.75
HSS,HSS10X10X.625,HSS10X10X5/8,F,76.33,21,–,–,10,8.26,–,–,–,10,8.26,–,–,–,–,–,–,–,0.625,0.581,–,–,–,–,–,–,–,–,–,–,14.2,–,14.2,–,304,73.2,60.8,3.8,304,73.2,60.8,3.8
HSS,HSS10X10X.500,HSS10X10X1/2,F,62.46,17.2,–,–,10,8.6,–,–,–,10,8.6,–,–,–,–,–,–,–,0.5,0.465,–,–,–,–,–,–,–,–,–,–,18.5,–,18.5,–,256,60.7,51.2,3.86,256,60.7,51.2,3.86
HSS,HSS10X10X.375,HSS10X10X3/8,F,47.9,13.2,–,–,10,8.95,–,–,–,10,8.95,–,–,–,–,–,–,–,0.375,0.349,–,–,–,–,–,–,–,–,–,–,25.7,–,25.7,–,202,47.2,40.4,3.92,202,47.2,40.4,3.92
HSS,HSS10X10X.313,HSS10X10X5/16,F,40.35,11.1,–,–,10,9.13,–,–,–,10,9.13,–,–,–,–,–,–,–,0.3125,0.291,–,–,–,–,–,–,–,–,–,–,31.4,–,31.4,–,172,40.1,34.5,3.94,172,40.1,34.5,3.94
HSS,HSS10X10X.250,HSS10X10X1/4,F,32.63,8.96,–,–,10,9.3,–,–,–,10,9.3,–,–,–,–,–,–,–,0.25,0.233,–,–,–,–,–,–,–,–,–,–,39.9,–,39.9,–,141,32.7,28.3,3.97,141,32.7,28.3,3.97
HSS,HSS10X10X.188,HSS10X10X3/16,F,24.73,6.76,–,–,10,9.48,–,–,–,10,9.48,–,–,–,–,–,–,–,0.1875,0.174,–,–,–,–,–,–,–,–,–,–,54.5,–,54.5,–,108,24.8,21.6,4,108,24.8,21.6,4
HSS,HSS9X9X.625,HSS9X9X5/8,F,67.82,18.7,–,–,9,7.26,–,–,–,9,7.26,–,–,–,–,–,–,–,0.625,0.581,–,–,–,–,–,–,–,–,–,–,12.5,–,12.5,–,216,58.1,47.9,3.4,216,58.1,47.9,3.4
HSS,HSS9X9X.500,HSS9X9X1/2,F,55.66,15.3,–,–,9,7.6,–,–,–,9,7.6,–,–,–,–,–,–,–,0.5,0.465,–,–,–,–,–,–,–,–,–,–,16.4,–,16.4,–,183,48.4,40.6,3.45,183,48.4,40.6,3.45
HSS,HSS9X9X.375,HSS9X9X3/8,F,42.79,11.8,–,–,9,7.95,–,–,–,9,7.95,–,–,–,–,–,–,–,0.375,0.349,–,–,–,–,–,–,–,–,–,–,22.8,–,22.8,–,145,37.8,32.2,3.51,145,37.8,32.2,3.51
HSS,HSS9X9X.313,HSS9X9X5/16,F,36.1,9.92,–,–,9,8.13,–,–,–,9,8.13,–,–,–,–,–,–,–,0.3125,0.291,–,–,–,–,–,–,–,–,–,–,27.9,–,27.9,–,124,32.1,27.6,3.54,124,32.1,27.6,3.54
HSS,HSS9X9X.250,HSS9X9X1/4,F,29.23,8.03,–,–,9,8.3,–,–,–,9,8.3,–,–,–,–,–,–,–,0.25,0.233,–,–,–,–,–,–,–,–,–,–,35.6,–,35.6,–,102,26.2,22.7,3.56,102,26.2,22.7,3.56
HSS,HSS9X9X.188,HSS9X9X3/16,F,22.18,6.06,–,–,9,8.48,–,–,–,9,8.48,–,–,–,–,–,–,–,0.1875,0.174,–,–,–,–,–,–,–,–,–,–,48.7,–,48.7,–,78.2,20,17.4,3.59,78.2,20,17.4,3.59
HSS,HSS9X9X.125,HSS9X9X1/8,F,14.96,4.09,–,–,9,8.65,–,–,–,9,8.65,–,–,–,–,–,–,–,0.125,0.116,–,–,–,–,–,–,–,–,–,–,74.6,–,74.6,–,53.5,13.6,11.9,3.62,53.5,13.6,11.9,3.62
HSS,HSS8X8X.625,HSS8X8X5/8,F,59.32,16.4,–,–,8,6.26,–,–,–,8,6.26,–,–,–,–,–,–,–,0.625,0.581,–,–,–,–,–,–,–,–,–,–,10.8,–,10.8,–,146,44.7,36.5,2.99,146,44.7,36.5,2.99
HSS,HSS8X8X.500,HSS8X8X1/2,F,48.85,13.5,–,–,8,6.6,–,–,–,8,6.6,–,–,–,–,–,–,–,0.5,0.465,–,–,–,–,–,–,–,–,–,–,14.2,–,14.2,–,125,37.5,31.2,3.04,125,37.5,31.2,3.04
HSS,HSS8X8X.375,HSS8X8X3/8,F,37.69,10.4,–,–,8,6.95,–,–,–,8,6.95,–,–,–,–,–,–,–,0.375,0.349,–,–,–,–,–,–,–,–,–,–,19.9,–,19.9,–,100,29.4,24.9,3.1,100,29.4,24.9,3.1
HSS,HSS8X8X.313,HSS8X8X5/16,F,31.84,8.76,–,–,8,7.13,–,–,–,8,7.13,–,–,–,–,–,–,–,0.3125,0.291,–,–,–,–,–,–,–,–,–,–,24.5,–,24.5,–,85.6,25.1,21.4,3.13,85.6,25.1,21.4,3.13
HSS,HSS8X8X.250,HSS8X8X1/4,F,25.82,7.1,–,–,8,7.3,–,–,–,8,7.3,–,–,–,–,–,–,–,0.25,0.233,–,–,–,–,–,–,–,–,–,–,31.3,–,31.3,–,70.7,20.5,17.7,3.15,70.7,20.5,17.7,3.15
HSS,HSS8X8X.188,HSS8X8X3/16,F,19.63,5.37,–,–,8,7.48,–,–,–,8,7.48,–,–,–,–,–,–,–,0.1875,0.174,–,–,–,–,–,–,–,–,–,–,43,–,43,–,54.4,15.7,13.6,3.18,54.4,15.7,13.6,3.18
HSS,HSS8X8X.125,HSS8X8X1/8,F,13.26,3.62,–,–,8,7.65,–,–,–,8,7.65,–,–,–,–,–,–,–,0.125,0.116,–,–,–,–,–,–,–,–,–,–,66,–,66,–,37.4,10.7,9.34,3.21,37.4,10.7,9.34,3.21
HSS,HSS7X7X.625,HSS7X7X5/8,F,50.81,14,–,–,7,5.26,–,–,–,7,5.26,–,–,–,–,–,–,–,0.625,0.581,–,–,–,–,–,–,–,–,–,–,9.05,–,9.05,–,93.4,33.1,26.7,2.58,93.4,33.1,26.7,2.58
HSS,HSS7X7X.500,HSS7X7X1/2,F,42.05,11.6,–,–,7,5.6,–,–,–,7,5.6,–,–,–,–,–,–,–,0.5,0.465,–,–,–,–,–,–,–,–,–,–,12.1,–,12.1,–,80.5,27.9,23,2.63,80.5,27.9,23,2.63
HSS,HSS7X7X.375,HSS7X7X3/8,F,32.58,8.97,–,–,7,5.95,–,–,–,7,5.95,–,–,–,–,–,–,–,0.375,0.349,–,–,–,–,–,–,–,–,–,–,17.1,–,17.1,–,65,22.1,18.6,2.69,65,22.1,18.6,2.69
HSS,HSS7X7X.313,HSS7X7X5/16,F,27.59,7.59,–,–,7,6.13,–,–,–,7,6.13,–,–,–,–,–,–,–,0.3125,0.291,–,–,–,–,–,–,–,–,–,–,21.1,–,21.1,–,56.1,18.9,16,2.72,56.1,18.9,16,2.72
HSS,HSS7X7X.250,HSS7X7X1/4,F,22.42,6.17,–,–,7,6.3,–,–,–,7,6.3,–,–,–,–,–,–,–,0.25,0.233,–,–,–,–,–,–,–,–,–,–,27,–,27,–,46.5,15.5,13.3,2.75,46.5,15.5,13.3,2.75
HSS,HSS7X7X.188,HSS7X7X3/16,F,17.08,4.67,–,–,7,6.48,–,–,–,7,6.48,–,–,–,–,–,–,–,0.1875,0.174,–,–,–,–,–,–,–,–,–,–,37.2,–,37.2,–,36,11.9,10.3,2.77,36,11.9,10.3,2.77
HSS,HSS7X7X.125,HSS7X7X1/8,F,11.56,3.16,–,–,7,6.65,–,–,–,7,6.65,–,–,–,–,–,–,–,0.125,0.116,–,–,–,–,–,–,–,–,–,–,57.3,–,57.3,–,24.8,8.13,7.09,2.8,24.8,8.13,7.09,2.8
HSS,HSS6X6X.625,HSS6X6X5/8,F,42.3,11.7,–,–,6,4.26,–,–,–,6,4.26,–,–,–,–,–,–,–,0.625,0.581,–,–,–,–,–,–,–,–,–,–,7.33,–,7.33,–,55.2,23.2,18.4,2.17,55.2,23.2,18.4,2.17
HSS,HSS6X6X.500,HSS6X6X1/2,F,35.24,9.74,–,–,6,4.61,–,–,–,6,4.61,–,–,–,–,–,–,–,0.5,0.465,–,–,–,–,–,–,–,–,–,–,9.9,–,9.9,–,48.3,19.8,16.1,2.23,48.3,19.8,16.1,2.23
HSS,HSS6X6X.375,HSS6X6X3/8,F,27.48,7.58,–,–,6,4.95,–,–,–,6,4.95,–,–,–,–,–,–,–,0.375,0.349,–,–,–,–,–,–,–,–,–,–,14.2,–,14.2,–,39.5,15.8,13.2,2.28,39.5,15.8,13.2,2.28
HSS,HSS6X6X.313,HSS6X6X5/16,F,23.34,6.43,–,–,6,5.13,–,–,–,6,5.13,–,–,–,–,–,–,–,0.3125,0.291,–,–,–,–,–,–,–,–,–,–,17.6,–,17.6,–,34.3,13.6,11.4,2.31,34.3,13.6,11.4,2.31
HSS,HSS6X6X.250,HSS6X6X1/4,F,19.02,5.24,–,–,6,5.3,–,–,–,6,5.3,–,–,–,–,–,–,–,0.25,0.233,–,–,–,–,–,–,–,–,–,–,22.8,–,22.8,–,28.6,11.2,9.54,2.34,28.6,11.2,9.54,2.34
HSS,HSS6X6X.188,HSS6X6X3/16,F,14.53,3.98,–,–,6,5.48,–,–,–,6,5.48,–,–,–,–,–,–,–,0.1875,0.174,–,–,–,–,–,–,–,–,–,–,31.5,–,31.5,–,22.3,8.63,7.42,2.37,22.3,8.63,7.42,2.37
HSS,HSS6X6X.125,HSS6X6X1/8,F,9.86,2.7,–,–,6,5.65,–,–,–,6,5.65,–,–,–,–,–,–,–,0.125,0.116,–,–,–,–,–,–,–,–,–,–,48.7,–,48.7,–,15.5,5.92,5.15,2.39,15.5,5.92,5.15,2.39
HSS,HSS5-1/2X5-1/2X.375,HSS5-1/2X5-1/2X3/8,F,24.93,6.88,–,–,5.5,4.45,–,–,–,5.5,4.45,–,–,–,–,–,–,–,0.375,0.349,–,–,–,–,–,–,–,–,–,–,12.8,–,12.8,–,29.7,13.1,10.8,2.08,29.7,13.1,10.8,2.08
HSS,HSS5-1/2X5-1/2X.313,HSS5-1/2X5-1/2X5/16,F,21.21,5.85,–,–,5.5,4.63,–,–,–,5.5,4.63,–,–,–,–,–,–,–,0.3125,0.291,–,–,–,–,–,–,–,–,–,–,15.9,–,15.9,–,25.9,11.3,9.43,2.11,25.9,11.3,9.43,2.11
HSS,HSS5-1/2X5-1/2X.250,HSS5-1/2X5-1/2X1/4,F,17.32,4.77,–,–,5.5,4.8,–,–,–,5.5,4.8,–,–,–,–,–,–,–,0.25,0.233,–,–,–,–,–,–,–,–,–,–,20.6,–,20.6,–,21.7,9.32,7.9,2.13,21.7,9.32,7.9,2.13
HSS,HSS5-1/2X5-1/2X.188,HSS5-1/2X5-1/2X3/16,F,13.25,3.63,–,–,5.5,4.98,–,–,–,5.5,4.98,–,–,–,–,–,–,–,0.1875,0.174,–,–,–,–,–,–,–,–,–,–,28.6,–,28.6,–,17,7.19,6.17,2.16,17,7.19,6.17,2.16
HSS,HSS5-1/2X5-1/2X.125,HSS5-1/2X5-1/2X1/8,F,9.01,2.46,–,–,5.5,5.15,–,–,–,5.5,5.15,–,–,–,–,–,–,–,0.125,0.116,–,–,–,–,–,–,–,–,–,–,44.4,–,44.4,–,11.8,4.95,4.3,2.19,11.8,4.95,4.3,2.19
HSS,HSS5X5X.500,HSS5X5X1/2,F,28.43,7.88,–,–,5,3.6,–,–,–,5,3.6,–,–,–,–,–,–,–,0.5,0.465,–,–,–,–,–,–,–,–,–,–,7.75,–,7.75,–,26,13.1,10.4,1.82,26,13.1,10.4,1.82
HSS,HSS5X5X.375,HSS5X5X3/8,F,22.37,6.18,–,–,5,3.95,–,–,–,5,3.95,–,–,–,–,–,–,–,0.375,0.349,–,–,–,–,–,–,–,–,–,–,11.3,–,11.3,–,21.7,10.6,8.68,1.87,21.7,10.6,8.68,1.87
HSS,HSS5X5X.313,HSS5X5X5/16,F,19.08,5.26,–,–,5,4.13,–,–,–,5,4.13,–,–,–,–,–,–,–,0.3125,0.291,–,–,–,–,–,–,–,–,–,–,14.2,–,14.2,–,19,9.16,7.62,1.9,19,9.16,7.62,1.9
HSS,HSS5X5X.250,HSS5X5X1/4,F,15.62,4.3,–,–,5,4.3,–,–,–,5,4.3,–,–,–,–,–,–,–,0.25,0.233,–,–,–,–,–,–,–,–,–,–,18.5,–,18.5,–,16,7.61,6.41,1.93,16,7.61,6.41,1.93
HSS,HSS5X5X.188,HSS5X5X3/16,F,11.97,3.28,–,–,5,4.48,–,–,–,5,4.48,–,–,–,–,–,–,–,0.1875,0.174,–,–,–,–,–,–,–,–,–,–,25.7,–,25.7,–,12.6,5.89,5.03,1.96,12.6,5.89,5.03,1.96
HSS,HSS5X5X.125,HSS5X5X1/8,F,8.16,2.23,–,–,5,4.65,–,–,–,5,4.65,–,–,–,–,–,–,–,0.125,0.116,–,–,–,–,–,–,–,–,–,–,40.1,–,40.1,–,8.8,4.07,3.52,1.99,8.8,4.07,3.52,1.99
HSS,HSS4-1/2X4-1/2X.500,HSS4-1/2X4-1/2X1/2,F,25.03,6.95,–,–,4.5,3.1,–,–,–,4.5,3.1,–,–,–,–,–,–,–,0.5,0.465,–,–,–,–,–,–,–,–,–,–,6.68,–,6.68,–,18.1,10.2,8.03,1.61,18.1,10.2,8.03,1.61
HSS,HSS4-1/2X4-1/2X.375,HSS4-1/2X4-1/2X3/8,F,19.82,5.48,–,–,4.5,3.45,–,–,–,4.5,3.45,–,–,–,–,–,–,–,0.375,0.349,–,–,–,–,–,–,–,–,–,–,9.89,–,9.89,–,15.3,8.36,6.79,1.67,15.3,8.36,6.79,1.67
HSS,HSS4-1/2X4-1/2X.313,HSS4-1/2X4-1/2X5/16,F,16.96,4.68,–,–,4.5,3.63,–,–,–,4.5,3.63,–,–,–,–,–,–,–,0.3125,0.291,–,–,–,–,–,–,–,–,–,–,12.5,–,12.5,–,13.5,7.27,6,1.7,13.5,7.27,6,1.7
HSS,HSS4-1/2X4-1/2X.250,HSS4-1/2X4-1/2X1/4,F,13.91,3.84,–,–,4.5,3.8,–,–,–,4.5,3.8,–,–,–,–,–,–,–,0.25,0.233,–,–,–,–,–,–,–,–,–,–,16.3,–,16.3,–,11.4,6.06,5.08,1.73,11.4,6.06,5.08,1.73
HSS,HSS4-1/2X4-1/2X.188,HSS4-1/2X4-1/2X3/16,F,10.7,2.93,–,–,4.5,3.98,–,–,–,4.5,3.98,–,–,–,–,–,–,–,0.1875,0.174,–,–,–,–,–,–,–,–,–,–,22.9,–,22.9,–,9.02,4.71,4.01,1.75,9.02,4.71,4.01,1.75
HSS,HSS4-1/2X4-1/2X.125,HSS4-1/2X4-1/2X1/8,F,7.31,2,–,–,4.5,4.15,–,–,–,4.5,4.15,–,–,–,–,–,–,–,0.125,0.116,–,–,–,–,–,–,–,–,–,–,35.8,–,35.8,–,6.35,3.27,2.82,1.78,6.35,3.27,2.82,1.78
HSS,HSS4X4X.500,HSS4X4X1/2,F,21.63,6.02,–,–,4,2.6,–,–,–,4,2.6,–,–,–,–,–,–,–,0.5,0.465,–,–,–,–,–,–,–,–,–,–,5.6,–,5.6,–,11.9,7.7,5.97,1.41,11.9,7.7,5.97,1.41
HSS,HSS4X4X.375,HSS4X4X3/8,F,17.27,4.78,–,–,4,2.95,–,–,–,4,2.95,–,–,–,–,–,–,–,0.375,0.349,–,–,–,–,–,–,–,–,–,–,8.46,–,8.46,–,10.3,6.39,5.13,1.47,10.3,6.39,5.13,1.47
HSS,HSS4X4X.313,HSS4X4X5/16,F,14.83,4.1,–,–,4,3.13,–,–,–,4,3.13,–,–,–,–,–,–,–,0.3125,0.291,–,–,–,–,–,–,–,–,–,–,10.7,–,10.7,–,9.14,5.59,4.57,1.49,9.14,5.59,4.57,1.49
HSS,HSS4X4X.250,HSS4X4X1/4,F,12.21,3.37,–,–,4,3.3,–,–,–,4,3.3,–,–,–,–,–,–,–,0.25,0.233,–,–,–,–,–,–,–,–,–,–,14.2,–,14.2,–,7.8,4.69,3.9,1.52,7.8,4.69,3.9,1.52
HSS,HSS4X4X.188,HSS4X4X3/16,F,9.42,2.58,–,–,4,3.48,–,–,–,4,3.48,–,–,–,–,–,–,–,0.1875,0.174,–,–,–,–,–,–,–,–,–,–,20,–,20,–,6.21,3.67,3.1,1.55,6.21,3.67,3.1,1.55
HSS,HSS4X4X.125,HSS4X4X1/8,F,6.46,1.77,–,–,4,3.65,–,–,–,4,3.65,–,–,–,–,–,–,–,0.125,0.116,–,–,–,–,–,–,–,–,–,–,31.5,–,31.5,–,4.4,2.56,2.2,1.58,4.4,2.56,2.2,1.58
HSS,HSS3-1/2X3-1/2X.375,HSS3-1/2X3-1/2X3/8,F,14.72,4.09,–,–,3.5,2.45,–,–,–,3.5,2.45,–,–,–,–,–,–,–,0.375,0.349,–,–,–,–,–,–,–,–,–,–,7.03,–,7.03,–,6.49,4.69,3.71,1.26,6.49,4.69,3.71,1.26
HSS,HSS3-1/2X3-1/2X.313,HSS3-1/2X3-1/2X5/16,F,12.7,3.52,–,–,3.5,2.63,–,–,–,3.5,2.63,–,–,–,–,–,–,–,0.3125,0.291,–,–,–,–,–,–,–,–,–,–,9.03,–,9.03,–,5.84,4.14,3.34,1.29,5.84,4.14,3.34,1.29
HSS,HSS3-1/2X3-1/2X.250,HSS3-1/2X3-1/2X1/4,F,10.51,2.91,–,–,3.5,2.8,–,–,–,3.5,2.8,–,–,–,–,–,–,–,0.25,0.233,–,–,–,–,–,–,–,–,–,–,12,–,12,–,5.04,3.5,2.88,1.32,5.04,3.5,2.88,1.32
HSS,HSS3-1/2X3-1/2X188,HSS3-1/2X3-1/2X3/16,F,8.15,2.24,–,–,3.5,2.98,–,–,–,3.5,2.98,–,–,–,–,–,–,–,0.1875,0.174,–,–,–,–,–,–,–,–,–,–,17.1,–,17.1,–,4.05,2.76,2.31,1.35,4.05,2.76,2.31,1.35
HSS,HSS3-1/2X3-1/2X.125,HSS3-1/2X3-1/2X1/8,F,5.61,1.54,–,–,3.5,3.15,–,–,–,3.5,3.15,–,–,–,–,–,–,–,0.125,0.116,–,–,–,–,–,–,–,–,–,–,27.2,–,27.2,–,2.9,1.93,1.66,1.37,2.9,1.93,1.66,1.37
HSS,HSS3X3X.375,HSS3X3X3/8,F,12.17,3.39,–,–,3,1.95,–,–,–,3,1.95,–,–,–,–,–,–,–,0.375,0.349,–,–,–,–,–,–,–,–,–,–,5.6,–,5.6,–,3.78,3.25,2.52,1.06,3.78,3.25,2.52,1.06
HSS,HSS3X3X.313,HSS3X3X5/16,F,10.58,2.94,–,–,3,2.13,–,–,–,3,2.13,–,–,–,–,–,–,–,0.3125,0.291,–,–,–,–,–,–,–,–,–,–,7.31,–,7.31,–,3.45,2.9,2.3,1.08,3.45,2.9,2.3,1.08
HSS,HSS3X3X.250,HSS3X3X1/4,F,8.81,2.44,–,–,3,2.3,–,–,–,3,2.3,–,–,–,–,–,–,–,0.25,0.233,–,–,–,–,–,–,–,–,–,–,9.88,–,9.88,–,3.02,2.48,2.01,1.11,3.02,2.48,2.01,1.11
HSS,HSS3X3X.188,HSS3X3X3/16,F,6.87,1.89,–,–,3,2.48,–,–,–,3,2.48,–,–,–,–,–,–,–,0.1875,0.174,–,–,–,–,–,–,–,–,–,–,14.2,–,14.2,–,2.46,1.97,1.64,1.14,2.46,1.97,1.64,1.14
HSS,HSS3X3X.125,HSS3X3X1/8,F,4.75,1.3,–,–,3,2.65,–,–,–,3,2.65,–,–,–,–,–,–,–,0.125,0.116,–,–,–,–,–,–,–,–,–,–,22.9,–,22.9,–,1.78,1.4,1.19,1.17,1.78,1.4,1.19,1.17
HSS,HSS2-1/2X2-1/2X.313,HSS2-1/2X2-1/2X5/16,F,8.45,2.35,–,–,2.5,1.63,–,–,–,2.5,1.63,–,–,–,–,–,–,–,0.3125,0.291,–,–,–,–,–,–,–,–,–,–,5.59,–,5.59,–,1.82,1.88,1.46,0.88,1.82,1.88,1.46,0.88
HSS,HSS2-1/2X2-1/2X.250,HSS2-1/2X2-1/2X1/4,F,7.11,1.97,–,–,2.5,1.8,–,–,–,2.5,1.8,–,–,–,–,–,–,–,0.25,0.233,–,–,–,–,–,–,–,–,–,–,7.73,–,7.73,–,1.63,1.63,1.3,0.908,1.63,1.63,1.3,0.908
HSS,HSS2-1/2X2-1/2X.188,HSS2-1/2X2-1/2X3/16,F,5.59,1.54,–,–,2.5,1.98,–,–,–,2.5,1.98,–,–,–,–,–,–,–,0.1875,0.174,–,–,–,–,–,–,–,–,–,–,11.4,–,11.4,–,1.35,1.32,1.08,0.937,1.35,1.32,1.08,0.937
HSS,HSS2-1/2X2-1/2X.125,HSS2-1/2X2-1/2X1/8,F,3.9,1.07,–,–,2.5,2.15,–,–,–,2.5,2.15,–,–,–,–,–,–,–,0.125,0.116,–,–,–,–,–,–,–,–,–,–,18.6,–,18.6,–,0.998,0.947,0.799,0.965,0.998,0.947,0.799,0.965
HSS,HSS2-1/4X2-1/4X.250,HSS2-1/4X2-1/4X1/4,F,6.26,1.74,–,–,2.25,1.55,–,–,–,2.25,1.55,–,–,–,–,–,–,–,0.25,0.233,–,–,–,–,–,–,–,–,–,–,6.66,–,6.66,–,1.13,1.28,1.01,0.806,1.13,1.28,1.01,0.806
HSS,HSS2-1/4X2-1/4X.188,HSS2-1/4X2-1/4X3/16,F,4.96,1.37,–,–,2.25,1.73,–,–,–,2.25,1.73,–,–,–,–,–,–,–,0.1875,0.174,–,–,–,–,–,–,–,–,–,–,9.93,–,9.93,–,0.953,1.04,0.847,0.835,0.953,1.04,0.847,0.835
HSS,HSS2-1/4X2-1/4X.125,HSS2-1/4X2-1/4X1/8,F,3.48,0.956,–,–,2.25,1.9,–,–,–,2.25,1.9,–,–,–,–,–,–,–,0.125,0.116,–,–,–,–,–,–,–,–,–,–,16.4,–,16.4,–,0.712,0.755,0.633,0.863,0.712,0.755,0.633,0.863
HSS,HSS2X2X.250,HSS2X2X1/4,F,5.41,1.51,–,–,2,1.3,–,–,–,2,1.3,–,–,–,–,–,–,–,0.25,0.233,–,–,–,–,–,–,–,–,–,–,5.58,–,5.58,–,0.747,0.964,0.747,0.704,0.747,0.964,0.747,0.704
HSS,HSS2X2X.188,HSS2X2X3/16,F,4.32,1.19,–,–,2,1.48,–,–,–,2,1.48,–,–,–,–,–,–,–,0.1875,0.174,–,–,–,–,–,–,–,–,–,–,8.49,–,8.49,–,0.641,0.797,0.641,0.733,0.641,0.797,0.641,0.733
HSS,HSS2X2X.125,HSS2X2X1/8,F,3.05,0.84,–,–,2,1.65,–,–,–,2,1.65,–,–,–,–,–,–,–,0.125,0.116,–,–,–,–,–,–,–,–,–,–,14.2,–,14.2,–,0.486,0.584,0.486,0.761,0.486,0.584,0.486,0.761
